{
  "meta_title": "",
  "meta_description": "",
  "sections": [
    {
      "type": "banner-slider",
      "autoplay": 9000,
      "full_width": true,
      "slides": [
        {
          "start": "2023-08-14T00:27:58.477Z",
          "end": "",
          "img": "/img/uploads/furniture-_-home-decor-2.webp",
          "mobile_img": "/img/uploads/em-pedidos-acima-de-r_-150_00-2-2.webp"
        }
      ]
    },
    {
      "type": "info-bar",
      "enabled": true
    },
    {
      "type": "collection-shelf",
      "shuffle": true,
      "collection_id": "64d803fe2cd6b659591517e9:categories:Capa de Almofada 50 x 50:/capa-de-almofada-50-x-50",
      "sort": "news",
      "title": "",
      "headless": false,
      "limit": 12,
      "page": 1
    },
    {
      "type": "collection-shelf",
      "shuffle": true,
      "limit": 12,
      "page": 1,
      "sort": "news",
      "collection_id": "64d804382cd6b65959151806:categories:Velas aromáticas:/velas-aromaticas"
    },
    {
      "type": "collection-shelf",
      "shuffle": true,
      "limit": 12,
      "page": 1,
      "sort": "sales"
    },
    {
      "type": "page-title",
      "title": "Luzza Decor",
      "description": "Loja de demonstração e testes da plataforma E-Com Plus e Storefront. Todos os produtos, preços e informações são meramente ilustrativos."
    }
  ]
}